id;first_name;last_name;start_age
1;Gary;Moore;43
2;John;Walker;35
3;Eric;Carter;44
4;William;Jackson;38
5;Nicole;Jones;58
6;David;Davis;33
7;Jason;Montgomery;59
8;Kent;Weaver;58
9;Darrell;Dillon;61
10;Jacqueline;Wang;50
11;Jodi;Gonzalez;22
12;Omar;Martin;69
13;Nicole;Lara;28
14;Jason;Brown;35
15;David;Benson;63
16;Kimberly;Mora;61
17;Erik;Macias;34
18;James;Johnson;25
19;Derek;Peterson;67
20;Diane;Henson;36
21;Cody;Lyons;35
22;Margaret;Hardy;47
23;Arthur;Hayes;25
24;Raymond;Taylor;35
25;Tina;Moore;36
26;Kylie;White;34
27;Jonathan;Manning;63
28;Angela;Bryant;30
29;Michael;Mann;23
30;Craig;Myers;56
31;Tiffany;Carter;42
32;Erica;Owens;26
33;Patricia;Parker;22
34;Brian;Palmer;28
35;Melissa;Smith;35
36;Connor;Adams;35
37;Michael;Williams;21
38;Ruth;Smith;40
39;Jonathan;Middleton;50
40;Francis;Velez;35
41;Matthew;Velez;25
42;Kim;Shaw;35
43;Gary;Jones;39
44;Nicholas;Clayton;40
45;Anthony;Chavez;25
46;Carolyn;Green;36
47;Janice;Roman;31
48;Erin;Taylor;35
49;Charles;Garcia;54
50;John;Huber;24
51;Haley;Martinez;51
52;Adam;Holmes;35
53;Patricia;Jones;41
54;Christy;Rodriguez;46
55;Jose;Poole;23
56;Lacey;Mercado;60
57;Danielle;Garcia;29
58;Amanda;Cohen;68
59;Jeremy;Rodriguez;35
60;Jade;Wall;28
61;Janice;Garcia;51
62;Sarah;Greer;28
63;Sandra;Golden;49
64;David;Fritz;42
65;Hannah;Wu;47
66;Guy;Bennett;59
67;Regina;Wong;44
68;Desiree;Webster;64
69;Juan;Cruz;38
70;Michelle;Edwards;21
71;Alexander;Griffin;35
72;Laura;House;35
73;Brittany;Hanna;35
74;Allen;Wright;32
75;Ricky;Phillips;49
76;Adrian;Cross;49
77;Thomas;Wood;27
78;Jillian;Massey;33
79;Kevin;Watkins;35
80;Allison;Sweeney;53
81;Joseph;Hernandez;35
82;Steven;Little;41
83;John;Bennett;69
84;Michele;Maxwell;32
85;Emily;Thomas;35
86;Mark;Rogers;35
87;John;Cruz;22
88;David;Yoder;35
89;James;Reynolds;35
90;Stephanie;Hicks;29
91;Paul;Brown;53
92;Alexandra;Morales;35
93;Krystal;Carroll;35
94;Alyssa;Walker;43
95;Eric;Harvey;35
96;Debbie;Rogers;52
97;Steve;Braun;35
98;Ryan;Rojas;35
99;Andrew;Levine;51
100;Brian;Olson;67
101;Jessica;Welch;38
102;Stephanie;Faulkner;28
103;Dawn;Johnson;18
104;Monique;Wright;35
105;Veronica;Stein;35
106;Breanna;Santos;18
107;Jeremy;Lee;26
108;Robert;Moore;26
109;Tiffany;Pearson;40
110;Audrey;Richardson;35
111;Maureen;Bryant;53
112;Derrick;Roberts;64
113;Jeffrey;Sullivan;35
114;Amy;Harris;61
115;Rhonda;Flores;25
116;Steven;Black;52
117;Robert;Shepherd;41
118;Robin;Snyder;28
119;Elijah;Cook;19
120;Dennis;Hill;35
121;Charles;Nunez;42
122;Philip;Robinson;35
123;Rachel;Larson;52
124;Stephen;Sharp;21
125;Aimee;Jacobs;35
126;Brittany;Miller;54
127;Sabrina;Mclaughlin;49
128;Amber;Banks;50
129;Casey;Todd;54
130;Miranda;Williams;62
131;Alexander;Williams;48
132;Jesus;Higgins;48
133;James;Keith;57
134;Shawn;Johnson;50
135;Natalie;Page;18
136;Zachary;Fowler;35
137;Brian;Bowman;28
138;Ryan;Martin;55
139;Jennifer;Silva;61
140;Joseph;Sparks;45
141;Mary;Bishop;66
142;Stacey;Welch;60
143;Brett;Burns;46
144;Michael;Case;41
145;Terry;Bailey;29
146;Christopher;Mcdonald;68
147;Andres;Becker;43
148;Chase;Mcdaniel;31
149;Sherry;Parsons;26
150;Javier;Jones;52
151;Jill;Kane;35
152;Janet;Valdez;32
153;Karen;Ford;29
154;Jamie;Johnson;33
155;Jessica;Marshall;28
156;Sharon;Warner;21
157;Zachary;Williams;55
158;Brooke;Durham;19
159;Ryan;Murray;33
160;Gabrielle;Smith;35
161;Nicole;Bennett;44
162;Heather;Ali;51
163;Sandra;Mcmahon;35
164;Bailey;Mercado;34
165;Morgan;Cooper;42
166;Matthew;Stokes;18
167;Timothy;Mullins;42
168;Kenneth;Rubio;51
169;Mary;Zamora;35
170;Larry;Cole;62
171;Jeffrey;Diaz;50
172;Joseph;Brown;69
173;Emily;Jones;29
174;Tara;Davis;60
175;Tiffany;Bowers;35
176;Linda;Craig;39
177;Christine;Smith;25
178;Matthew;Williams;35
179;Brenda;Lewis;29
180;Adrian;West;21
181;Amy;Scott;51
182;April;Beck;28
183;Anthony;Nicholson;35
184;Shari;Garcia;22
185;Xavier;Miles;35
186;Rachael;Gilbert;45
187;Michele;Rogers;42
188;Derek;Dixon;48
189;Grace;Hartman;33
190;Joseph;Miller;26
191;David;Arnold;36
192;Yesenia;White;62
193;Nancy;Miller;25
194;Christopher;Doyle;65
195;Taylor;Reed;43
196;Katherine;Ferguson;35
197;Robert;Bryan;41
198;Zachary;Kane;49
199;Rebecca;Robinson;35
200;Bethany;Anderson;50
201;Mary;Williams;43
202;Carlos;Wallace;22
203;Rhonda;Matthews;58
204;Donald;Barker;62
205;Courtney;Lopez;39
206;Chelsea;Moyer;66
207;Brittany;Golden;20
208;Russell;Berry;24
209;Joshua;Jackson;25
210;Alicia;Thompson;57
211;Clifford;Gray;38
212;Gloria;Miller;23
213;Nicole;Mcintyre;68
214;Vincent;Kline;18
215;Amber;Hunter;57
216;Shelby;Gomez;35
217;Thomas;Mclaughlin;28
218;Nathan;Graham;29
219;Thomas;Guzman;47
220;Sarah;Gilbert;69
221;Jeremy;Andrews;56
222;Megan;Morris;24
223;Zachary;Davis;41
224;Michael;Phelps;25
225;Christopher;Robinson;35
226;Aaron;Mckee;23
227;Andrea;Velasquez;37
228;Philip;Newton;55
229;Kathleen;Palmer;35
230;Eric;Levine;64
231;Michael;Lopez;25
232;Samantha;Smith;47
233;Diane;Tanner;28
234;Melissa;Gaines;35
235;Alicia;Jensen;25
236;Donna;Bird;19
237;Kyle;Ruiz;63
238;Janet;Holmes;48
239;Edward;Bray;36
240;Brenda;Hines;32
241;Mark;Roberts;44
242;Alejandro;Bailey;61
243;Mark;Rivers;35
244;Christopher;Miles;38
245;Justin;Stewart;30
246;John;Miller;35
247;Thomas;Hickman;53
248;Patricia;Garcia;23
249;Cindy;Chambers;19
250;Natasha;Collins;24
251;Anthony;Smith;69
252;Jacob;Robinson;33
253;Joseph;Martinez;35
254;Joseph;Cross;42
255;Margaret;Nelson;23
256;Jay;Williams;62
257;Craig;Moore;27
258;Matthew;Jackson;24
259;Robert;Smith;37
260;Kristine;Green;53
261;Karen;Jacobs;34
262;Jessica;Obrien;45
263;Paul;Underwood;67
264;Brian;Scott;32
265;Bryan;Richardson;47
266;John;Summers;35
267;Tracy;Wolf;57
268;Michael;Castro;35
269;April;Lyons;35
270;Teresa;Mitchell;29
271;Mark;Stewart;33
272;Kayla;Mitchell;35
273;Alan;Rodriguez;64
274;Katelyn;Smith;35
275;Tina;Duarte;69
276;Matthew;Hansen;48
277;Olivia;Williamson;35
278;Anthony;Wade;58
279;Jaclyn;Barton;38
280;Adam;Johnson;28
281;Matthew;Hogan;39
282;Wendy;Goodman;64
283;Tyler;Mills;25
284;Janet;Rivera;35
285;James;Robbins;19
286;Grace;Cooper;25
287;Denise;Cook;45
288;Wayne;Curtis;31
289;Kendra;Holder;66
290;Terry;Nielsen;53
291;Natasha;Gallegos;35
292;Hannah;Hughes;67
293;Jodi;Wilkerson;42
294;Kyle;Bright;32
295;Kevin;Santiago;28
296;Timothy;Gutierrez;41
297;Ivan;Callahan;68
298;Austin;Dyer;35
299;Christopher;Murphy;35
300;Brandi;Bennett;22
301;William;Hull;60
302;Kevin;Marshall;67
303;Derrick;Ross;24
304;Charles;Gardner;41
305;Karen;Davis;18
306;Cathy;Walker;30
307;Karen;Jenkins;49
308;David;Townsend;40
309;Lisa;Collins;26
310;Kenneth;Wilson;19
311;Kyle;Vincent;35
312;Kimberly;Richardson;63
313;Joseph;Robinson;35
314;Keith;Chavez;29
315;Gerald;Romero;51
316;Deanna;Sparks;37
317;Kevin;Miller;21
318;William;Jackson;43
319;Jennifer;Li;62
320;Bailey;Johnson;37
321;Sandra;Jackson;47
322;Steven;Stephens;43
323;Richard;Barrera;48
324;Alexandra;Thompson;21
325;Rebecca;Diaz;24
326;Lindsey;Sharp;35
327;William;Duncan;63
328;Matthew;Johnson;36
329;Bruce;Young;35
330;Andrew;Fleming;44
331;Steven;Cortez;59
332;Sally;Boyle;48
333;Brenda;Davis;33
334;Sean;Smith;67
335;Shannon;Gilbert;62
336;Jose;Lee;58
337;Justin;Russo;59
338;Felicia;Smith;33
339;Bruce;Mcknight;18
340;Michael;Jarvis;46
341;Megan;Christensen;32
342;Zachary;King;46
343;Jessica;Collins;52
344;William;Hughes;35
345;Amber;Fox;59
346;Jeffrey;Hancock;34
347;Nancy;Dean;31
348;Sarah;Reynolds;35
349;John;Pittman;52
350;Joshua;Jones;35
351;Jeffery;Robinson;48
352;Debra;Peters;42
353;Steven;Lewis;42
354;Denise;Thomas;35
355;Kimberly;Garza;29
356;Gerald;Rush;45
357;Jeffrey;Rogers;56
358;Christine;Johnson;38
359;Maurice;Miller;35
360;Michael;Rodriguez;52
361;Sherry;Collins;40
362;Willie;Fernandez;55
363;Matthew;Kennedy;35
364;Jennifer;Myers;24
365;James;Kelly;35
366;Daniel;Paul;31
367;Wesley;Moore;19
368;Francisco;Shaw;53
369;James;Cobb;48
370;Colin;Roach;24
371;Sarah;Cruz;68
372;Kelly;Martinez;35
373;Mary;Swanson;35
374;Kimberly;Moreno;65
375;Andrew;Jenkins;69
376;Amber;Ramirez;33
377;Holly;Fowler;65
378;Jessica;Moore;42
379;Kimberly;Martin;44
380;Shawn;Neal;35
381;Sarah;Garcia;65
382;James;Salazar;35
383;Kyle;Evans;20
384;John;Brown;37
385;Stephanie;Stone;35
386;Veronica;Jones;23
387;Dale;Bauer;23
388;Brenda;Powell;27
389;Kelly;Sanchez;35
390;Jacob;Williamson;23
391;Nicholas;Russell;23
392;Paul;Alvarez;29
393;Lauren;Perez;68
394;Rebecca;Garcia;66
395;Stephanie;Richardson;51
396;Aaron;Bailey;23
397;Juan;Schwartz;54
398;Marc;Griffith;23
399;Lisa;Mclean;42
400;Rebecca;Gonzalez;68
401;Michael;Tran;59
402;April;Cooper;23
403;John;Combs;28
404;Jonathan;Clark;34
405;Justin;Harris;46
406;Rebecca;Rogers;45
407;Jamie;Hughes;30
408;Melissa;Wilson;47
409;Cynthia;Smith;55
410;Robert;Prince;21
411;Daniel;Moore;54
412;Lisa;Allen;64
413;Julie;Hall;20
414;Christopher;Perez;36
415;Steven;Castillo;62
416;Michael;Wood;67
417;Amanda;Davis;24
418;Raymond;Miles;32
419;Eric;Bender;59
420;Daniel;Orozco;23
421;Jane;Pineda;23
422;Benjamin;Payne;28
423;Jennifer;Mcfarland;41
424;Rebecca;Wilson;23
425;Elizabeth;Jennings;20
426;Leslie;Thomas;34
427;Mark;Jones;33
428;Emma;Flores;48
429;Alex;Ramsey;37
430;Christina;Crawford;50
431;Randy;Elliott;26
432;Joshua;Edwards;28
433;Clarence;Hughes;54
434;Patricia;Price;27
435;Shelly;Cox;47
436;Amanda;Berg;42
437;Rebecca;Duncan;50
438;Olivia;Rush;46
439;Carrie;Hanson;31
440;David;Evans;23
441;Sabrina;Hayes;30
442;Jeffery;Peterson;36
443;Sheryl;Keith;50
444;Andrew;Palmer;30
445;Wendy;Scott;33
446;Thomas;Juarez;19
447;John;Lewis;27
448;Kyle;Collins;57
449;Kevin;Sellers;39
450;Courtney;Mueller;55
451;Sara;Strickland;44
452;Julie;Martinez;56
453;Sean;Williams;50
454;Kayla;Gould;23
455;Taylor;Marshall;49
456;Amber;Wallace;33
457;Robert;Cook;38
458;Crystal;Palmer;69
459;Anthony;King;68
460;Michael;Browning;23
461;Derrick;Berry;29
462;Kelly;Brown;24
463;Alicia;Rosales;49
464;Eric;Rogers;32
465;Mark;Chandler;18
466;Jacob;Calderon;33
467;Jonathan;Turner;67
468;Vanessa;Little;31
469;Michael;Gonzales;21
470;Lori;Morrow;23
471;Taylor;Wagner;22
472;Tanya;Martinez;64
473;Kimberly;Weaver;32
474;Michael;Duncan;29
475;Suzanne;Thompson;46
476;Jessica;Ellis;23
477;Michael;Little;23
478;Anna;Wong;44
479;Angela;Howard;23
480;Jack;Stephens;45
481;Dustin;Lin;23
482;Kimberly;Wright;23
483;Jason;Smith;62
484;Cory;Lopez;21
485;Christina;Nelson;65
486;Nathaniel;Juarez;36
487;Laura;Copeland;23
488;Jessica;Davis;23
489;Janice;Hughes;24
490;Andrew;Jones;44
491;Andrea;Holder;22
492;Lee;Acosta;38
493;Haley;Jones;69
494;Danielle;Hunter;56
495;Mark;Deleon;44
496;Jessica;Pham;23
497;Marcia;Harris;50
498;Peter;Johnston;23
499;Heather;Hendrix;30
500;Betty;English;23
501;Eric;Ferguson;25
502;Anthony;Park;21
503;Jessica;Kim;23
504;Todd;Garcia;62
505;Charlotte;Ward;61
506;Michael;Mclean;67
507;Jesse;Carroll;46
508;Timothy;Brown;23
509;Anthony;Smith;61
510;Denise;Rubio;31
511;Michelle;Miller;55
512;Michael;Fisher;54
513;Christina;Salas;44
514;Kimberly;Vega;44
515;Michael;Olsen;36
516;Jason;Kennedy;69
517;Robert;Weiss;34
518;Seth;Owens;20
519;Jonathan;Barker;23
520;Danielle;Riddle;23
521;Gregory;Hull;67
522;Kristen;Keith;44
523;Victor;Villa;23
524;Brian;Hill;28
525;Ashley;Dodson;20
526;Andrew;Hays;51
527;Nichole;Ochoa;23
528;James;Johnson;19
529;Christian;Hernandez;44
530;Brandon;Banks;62
531;Keith;Proctor;54
532;Nicholas;Robinson;23
533;Ashley;Morris;65
534;Carol;Walton;24
535;Eugene;Burke;23
536;Sheri;Fernandez;31
537;Matthew;Thomas;19
538;Victor;Haynes;60
539;Tina;Medina;60
540;Gabriel;Glenn;31
541;Samantha;Small;36
542;Renee;Smith;47
543;Brandon;Lindsey;23
544;Evan;Farrell;57
545;Julie;Simon;65
546;Michael;Brown;23
547;David;Hardy;50
548;Jacob;Dixon;19
549;Sheila;Johnson;64
550;Michael;Gilbert;54
551;Stephen;Smith;39
552;Alvin;Andrade;64
553;Amanda;Lawson;46
554;Mary;Harris;18
555;Mary;Mccormick;60
556;Rebecca;Murphy;43
557;Timothy;Patterson;63
558;Theresa;Mills;38
559;Erin;Hays;27
560;David;Wilson;40
561;Elizabeth;Mcdonald;30
562;David;Cooper;66
563;Amanda;Romero;30
564;Lori;Walsh;23
565;Maureen;Day;66
566;Christopher;Vincent;23
567;Christopher;Cooper;67
568;Angela;Francis;60
569;Susan;Garcia;26
570;Jeffrey;Neal;42
571;Rodney;Sutton;23
572;Ashley;Boyle;29
573;Victor;Jimenez;43
574;Jonathan;Wright;29
575;Kristina;Holland;48
576;Barbara;Flowers;42
577;Brandon;Villarreal;19
578;Nathan;Pena;54
579;Melissa;Parker;46
580;Rebecca;Kline;69
581;Susan;Navarro;22
582;Albert;Ruiz;48
583;Breanna;Marsh;28
584;Mary;Perkins;28
585;Amber;Rivera;22
586;Joseph;Petersen;42
587;Richard;Williams;22
588;Bradley;Mccann;31
589;Kristine;Reynolds;22
590;Jessica;Cox;31
591;John;Frazier;40
592;Jordan;Anderson;56
593;Geoffrey;Rogers;56
594;Jessica;Smith;35
595;Julie;Rogers;31
596;Teresa;Gallagher;22
597;Kenneth;Young;50
598;Marissa;Hall;43
599;Manuel;Fletcher;64
600;Brian;Wilkinson;42
601;Richard;Lopez;29
602;Jacqueline;Smith;54
603;Claire;Wilson;67
604;Jacob;Walker;24
605;Paula;Stone;55
606;John;White;46
607;Melissa;Miller;30
608;Brandon;Rodriguez;22
609;Mark;Butler;58
610;Joshua;Greene;55
611;Mikayla;Arnold;35
612;Lauren;Salazar;22
613;Jennifer;Anderson;53
614;Betty;Sullivan;47
615;Brandon;Lee;22
616;Megan;Little;54
617;Anne;Dunn;50
618;Lance;Gray;19
619;Alicia;Edwards;26
620;Nichole;Clay;31
621;Trevor;Ball;38
622;Amy;Bailey;42
623;Richard;Arnold;22
624;Regina;Wilson;22
625;Dennis;Green;22
626;Paul;Terry;22
627;Amy;Carter;57
628;Annette;Lawrence;22
629;William;Contreras;57
630;Sandra;Rogers;38
631;Danielle;Ware;40
632;Tiffany;Sanchez;38
633;Robert;David;43
634;Cynthia;Smith;22
635;Benjamin;Beck;35
636;Debra;Avila;21
637;Molly;Carpenter;66
638;Richard;Blackwell;45
639;Casey;Grimes;54
640;Yesenia;Calhoun;24
641;Jennifer;Morris;41
642;Lauren;Owen;22
643;Cheryl;Torres;69
644;Gregory;Gomez;25
645;Angela;Hughes;22
646;Tracy;Evans;43
647;Melissa;Proctor;52
648;Paul;Lee;31
649;Gerald;Morgan;22
650;Casey;Robbins;55
651;Scott;Frank;26
652;Christopher;Anderson;34
653;Kimberly;Burnett;27
654;Danny;Nixon;55
655;Tanya;Cooper;48
656;Paula;Lee;36
657;Christopher;Hernandez;24
658;Alison;Banks;42
659;Richard;Smith;37
660;Alison;Fox;38
661;Kenneth;Blake;62
662;Jose;White;20
663;Bryan;Torres;24
664;Sandra;Medina;36
665;Heather;Price;55
666;Mark;Powell;36
667;Ryan;Williamson;19
668;Richard;Brown;25
669;Andrew;Baldwin;32
670;Richard;Taylor;52
671;Nathaniel;Arroyo;27
672;Debra;Hernandez;67
673;Justin;Coleman;36
674;Toni;Wilson;63
675;Carlos;Evans;58
676;Jason;Contreras;55
677;Troy;Wilson;62
678;Barbara;Smith;32
679;Angela;Ramirez;45
680;Maria;Leonard;55
681;Michael;Mcdonald;56
682;Robert;Porter;22
683;Alyssa;Walker;45
684;John;Lee;45
685;Judy;Dillon;22
686;Denise;Davis;38
687;Philip;Vargas;22
688;Emily;Sanders;53
689;Brian;Joyce;38
690;Jonathan;Caldwell;44
691;Rachel;Flores;55
692;Lucas;Lewis;30
693;Kenneth;Huff;22
694;Samuel;Jackson;22
695;Jennifer;Obrien;68
696;Jacob;West;69
697;Patrick;Campbell;32
698;Jacqueline;Cook;29
699;Tim;Jones;51
700;Emily;Davis;24
701;Colleen;Garza;51
702;David;Davis;50
703;Michael;Larson;27
704;Nathan;Nelson;62
705;Robert;Silva;68
706;Regina;Morales;39
707;Jeffrey;Brown;29
708;William;Wagner;22
709;Kevin;Thomas;30
710;Dennis;Thompson;53
711;Raymond;Peck;53
712;Douglas;Wright;68
713;Amber;Arnold;20
714;Alexander;Rodriguez;38
715;Heidi;Reeves;19
716;Jasmine;Young;51
717;Stephen;Walker;22
718;Michael;Palmer;40
719;Gerald;Green;50
720;Stephen;Hanson;22
721;Jacqueline;Garcia;20
722;Jamie;Flores;54
723;Amy;Green;22
724;Mary;Johnson;40
725;Kenneth;Carter;24
726;Michael;Oneill;27
727;Brian;Blackburn;66
728;Yvonne;Ford;22
729;Megan;Rivera;54
730;Tina;French;22
731;Susan;Henson;68
732;Dave;Kelly;40
733;Keith;Rios;30
734;Robin;Morgan;22
735;Kevin;Smith;67
736;Suzanne;Schmidt;60
737;Allison;Peterson;43
738;Cody;Salinas;22
739;Dan;Smith;18
740;Daniel;Davies;46
741;David;Oconnor;23
742;Zachary;Gonzales;63
743;Diana;Herring;22
744;Connor;Bauer;35
745;Destiny;Bennett;61
746;Sarah;Spencer;22
747;Jacqueline;Chambers;62
748;Michael;Decker;29
749;Emily;Howard;22
750;Douglas;Brown;62
751;Steve;Jackson;22
752;Maria;Burnett;35
753;Sarah;Maldonado;20
754;Timothy;Wells;18
755;Roberto;Nichols;44
756;Anthony;Gutierrez;30
757;Elizabeth;Smith;35
758;Ashley;Rogers;52
759;Erik;Keller;22
760;James;Johnson;34
761;Veronica;Perez;22
762;Ryan;Garza;64
763;Michelle;Edwards;28
764;Paul;Chavez;33
765;Zachary;Hill;69
766;Carol;Jordan;68
767;Catherine;Jordan;35
768;Scott;Perez;52
769;Aaron;Carey;56
770;Chris;Gordon;69
771;Abigail;Middleton;45
772;Christina;Vazquez;49
773;Selena;Jones;23
774;Michelle;Collins;36
775;Dominique;Bell;37
776;Kelly;Holmes;20
777;Jeffery;Stevenson;61
778;Katherine;Phillips;59
779;Olivia;Shaw;46
780;Pamela;Thompson;22
781;Amy;Hebert;27
782;Tara;Davis;32
783;William;Farmer;52
784;Ricky;Moore;67
785;Lorraine;Powell;44
786;Luis;Green;64
787;Desiree;Holmes;39
788;Bradley;Williams;57
789;Jordan;Ellis;22
790;Tyler;Jones;46
791;Alex;Reyes;44
792;Joshua;Gay;19
793;Aaron;Bowers;21
794;Daniel;Ramirez;66
795;Joshua;Phillips;26
796;Angelica;Chavez;29
797;Bryce;Gilbert;61
798;Jacqueline;Pope;58
799;Bryan;Huang;56
800;Tracy;Lee;22
801;Barbara;Lucero;22
802;Joann;Snyder;26
803;Natalie;Evans;32
804;Alexander;Wilson;22
805;Scott;Rollins;33
806;Peter;Fields;21
807;Melissa;Barrera;64
808;Michael;Vargas;23
809;Kathy;Miller;22
810;David;Dunn;27
811;Susan;Norman;44
812;Timothy;James;39
813;Marcus;Sullivan;68
814;Aaron;Silva;22
815;Jessica;Fry;22
816;Jennifer;Diaz;22
817;Colton;Davis;62
818;Misty;Young;69
819;John;Cross;23
820;Eric;Rogers;33
821;Kayla;James;22
822;Alex;Scott;66
823;Amy;Green;22
824;Jessica;Warren;22
825;Thomas;Webb;22
826;Dale;Ramirez;68
827;Linda;Andrews;35
828;Jonathan;White;33
829;Kendra;King;39
830;Chad;Rhodes;67
831;David;Hall;31
832;Zoe;Sullivan;65
833;Michele;Patel;22
834;Aaron;Taylor;37
835;Kristen;Griffith;45
836;Jonathon;Espinoza;31
837;Daniel;Thompson;65
838;Jonathan;Joseph;22
839;Michael;Robinson;48
840;Michael;Riley;60
841;Elaine;Norris;27
842;Sally;Velasquez;67
843;Paul;Gordon;56
844;Michael;Gomez;38
845;Angela;Holloway;63
846;Rachael;Phillips;22
847;Rebecca;Whitehead;28
848;Troy;Carr;18
849;Bonnie;Smith;56
850;Marcus;Hernandez;38
851;Heather;Murphy;58
852;Charles;Mejia;40
853;Tracy;Smith;48
854;Gregory;Evans;55
855;Philip;Dickerson;59
856;Charles;Salas;47
857;Erin;Harper;54
858;Victoria;Bray;58
859;Jose;Boyd;57
860;Joseph;Palmer;22
861;Carolyn;Kelly;22
862;Mike;Chan;18
863;John;Gordon;53
864;Leslie;Taylor;47
865;Christopher;Cunningham;22
866;Donald;Hansen;61
867;Taylor;Vasquez;22
868;Anita;Terry;57
869;Elizabeth;Lynch;52
870;Benjamin;Hunter;18
871;Alec;Brock;43
872;Rachel;Randolph;22
873;Steven;Martin;23
874;Elizabeth;Moody;24
875;William;Bauer;33
876;Jon;Martin;42
877;Ethan;Miller;18
878;Stephanie;Small;22
879;Victoria;Li;53
880;Leah;Ho;27
881;Aaron;Bowen;22
882;William;Wiley;66
883;Jason;Mora;68
884;Melody;Lawrence;43
885;Anthony;Jones;52
886;Kari;Miller;60
887;Heidi;Aguirre;27
888;Kenneth;Daniel;31
889;Katherine;Santos;22
890;Douglas;Clayton;22
891;Doris;Hodges;42
892;Cathy;Wood;50
893;Andrea;Morris;35
894;David;Watson;22
895;Samantha;Marks;53
896;Alexis;Knight;32
897;Robert;Peterson;56
898;Felicia;Anderson;18
899;Maxwell;Anderson;47
900;Brandon;Ford;22
901;Jacqueline;Hutchinson;55
902;Lori;Jones;52
903;Emily;Hines;22
904;Nathaniel;Evans;18
905;Kevin;Hill;40
906;Lydia;Waller;36
907;Laura;Johnson;39
908;Roy;Johnson;32
909;Jenna;Valdez;42
910;Courtney;Hickman;65
911;Kyle;Lee;39
912;Lindsey;Mata;44
913;Jerry;Baker;64
914;Kelly;Alexander;47
915;Timothy;Kidd;31
916;Diana;Wong;27
917;Jordan;Simmons;49
918;Paula;Andersen;41
919;Christopher;Morris;22
920;Christopher;Nielsen;28
921;Jeffrey;Martinez;22
922;Joan;Garcia;22
923;Angela;Crawford;58
924;Jared;Coleman;52
925;Brittany;Small;22
926;Jerry;Davila;61
927;Sean;Johnson;39
928;Amber;Dickson;22
929;Elizabeth;Robinson;22
930;Erin;Myers;57
931;Matthew;Ball;26
932;Michelle;Palmer;32
933;Michael;Jackson;27
934;Jennifer;Moore;60
935;Susan;Henry;54
936;Steven;Sullivan;61
937;Jennifer;Moore;22
938;Veronica;Elliott;48
939;Tiffany;Peterson;29
940;Brian;Wyatt;51
941;Maria;Cole;22
942;Michael;Scott;22
943;Jonathon;Martinez;40
944;Rebekah;Stephens;32
945;Brenda;Huynh;55
946;Jerry;Allen;43
947;Mary;Meyer;29
948;Suzanne;Reynolds;53
949;Casey;Evans;50
950;Zachary;Guerrero;37
951;Jaclyn;Huber;60
952;Tara;Lewis;62
953;David;Garcia;37
954;Alexis;Carpenter;60
955;Mason;White;50
956;Michael;Alvarez;35
957;Raymond;Banks;20
958;Melissa;King;54
959;Jimmy;Smith;63
960;Brianna;Ramirez;22
961;Samantha;Drake;39
962;Diane;Franklin;22
963;David;Taylor;22
964;Lisa;Juarez;34
965;Amanda;Terry;41
966;Christopher;Hill;27
967;Natasha;Hall;52
968;Steven;Padilla;68
969;Dennis;Thompson;22
970;Brett;Orozco;60
971;Pedro;Wells;27
972;Linda;Curry;35
973;Maria;Brennan;47
974;Ruth;Blankenship;31
975;Dustin;Graves;58
976;Shannon;Smith;24
977;Paige;Brady;64
978;Jimmy;Carr;41
979;Lee;Waters;41
980;Julie;Harris;31
981;Cheryl;Robinson;59
982;Brianna;Cook;51
983;Michael;Williams;19
984;Rachel;Hunter;27
985;Benjamin;Brady;51
986;Eric;Hammond;19
987;Denise;Carlson;50
988;Kristen;Tucker;21
989;Gregory;Berry;67
990;Melissa;Foster;47
991;Terry;Williams;63
992;Michael;Brown;22
993;Travis;Hamilton;46
994;Tracy;Sanchez;40
995;Alexis;Williams;31
996;Karen;Mendez;34
997;Michaela;Smith;35
998;Kathleen;Scott;23
999;Carl;Acosta;22
1000;Jennifer;Clark;50