id;first_name;last_name;start_age;name
1;Gary      ;Moore     ;43;Gary Moore                    
2;John      ;Walker    ;35;John Walker                   
3;Eric      ;Carter    ;44;Eric Carter                   
4;William   ;Jackson   ;38;William Jackson               
5;Nicole    ;Jones     ;58;Nicole Jones                  
6;David     ;Davis     ;33;David Davis                   
7;Jason     ;Montgomery;59;Jason Montgomery              
8;Kent      ;Weaver    ;58;Kent Weaver                   
9;Darrell   ;Dillon    ;61;Darrell Dillon                
10;Jacqueline;Wang      ;50;Jacqueline Wang               
11;Jodi      ;Gonzalez  ;22;Jodi Gonzalez                 
12;Omar      ;Martin    ;69;Omar Martin                   
13;Nicole    ;Lara      ;28;Nicole Lara                   
14;Jason     ;Brown     ;35;Jason Brown                   
15;David     ;Benson    ;63;David Benson                  
16;Kimberly  ;Mora      ;61;Kimberly Mora                 
17;Erik      ;Macias    ;34;Erik Macias                   
18;James     ;Johnson   ;25;James Johnson                 
19;Derek     ;Peterson  ;67;Derek Peterson                
20;Diane     ;Henson    ;36;Diane Henson                  
21;Cody      ;Lyons     ;35;Cody Lyons                    
22;Margaret  ;Hardy     ;47;Margaret Hardy                
23;Arthur    ;Hayes     ;25;Arthur Hayes                  
24;Raymond   ;Taylor    ;35;Raymond Taylor                
25;Tina      ;Moore     ;36;Tina Moore                    
26;Kylie     ;White     ;34;Kylie White                   
27;Jonathan  ;Manning   ;63;Jonathan Manning              
28;Angela    ;Bryant    ;30;Angela Bryant                 
29;Michael   ;Mann      ;23;Michael Mann                  
30;Craig     ;Myers     ;56;Craig Myers                   
31;Tiffany   ;Carter    ;42;Tiffany Carter                
32;Erica     ;Owens     ;26;Erica Owens                   
33;Patricia  ;Parker    ;22;Patricia Parker               
34;Brian     ;Palmer    ;28;Brian Palmer                  
35;Melissa   ;Smith     ;35;Melissa Smith                 
36;Connor    ;Adams     ;35;Connor Adams                  
37;Michael   ;Williams  ;21;Michael Williams              
38;Ruth      ;Smith     ;40;Ruth Smith                    
39;Jonathan  ;Middleton ;50;Jonathan Middleton            
40;Francis   ;Velez     ;35;Francis Velez                 
41;Matthew   ;Velez     ;25;Matthew Velez                 
42;Kim       ;Shaw      ;35;Kim Shaw                      
43;Gary      ;Jones     ;39;Gary Jones                    
44;Nicholas  ;Clayton   ;40;Nicholas Clayton              
45;Anthony   ;Chavez    ;25;Anthony Chavez                
46;Carolyn   ;Green     ;36;Carolyn Green                 
47;Janice    ;Roman     ;31;Janice Roman                  
48;Erin      ;Taylor    ;35;Erin Taylor                   
49;Charles   ;Garcia    ;54;Charles Garcia                
50;John      ;Huber     ;24;John Huber                    
51;Haley     ;Martinez  ;51;Haley Martinez                
52;Adam      ;Holmes    ;35;Adam Holmes                   
53;Patricia  ;Jones     ;41;Patricia Jones                
54;Christy   ;Rodriguez ;46;Christy Rodriguez             
55;Jose      ;Poole     ;23;Jose Poole                    
56;Lacey     ;Mercado   ;60;Lacey Mercado                 
57;Danielle  ;Garcia    ;29;Danielle Garcia               
58;Amanda    ;Cohen     ;68;Amanda Cohen                  
59;Jeremy    ;Rodriguez ;35;Jeremy Rodriguez              
60;Jade      ;Wall      ;28;Jade Wall                     
61;Janice    ;Garcia    ;51;Janice Garcia                 
62;Sarah     ;Greer     ;28;Sarah Greer                   
63;Sandra    ;Golden    ;49;Sandra Golden                 
64;David     ;Fritz     ;42;David Fritz                   
65;Hannah    ;Wu        ;47;Hannah Wu                     
66;Guy       ;Bennett   ;59;Guy Bennett                   
67;Regina    ;Wong      ;44;Regina Wong                   
68;Desiree   ;Webster   ;64;Desiree Webster               
69;Juan      ;Cruz      ;38;Juan Cruz                     
70;Michelle  ;Edwards   ;21;Michelle Edwards              
71;Alexander ;Griffin   ;35;Alexander Griffin             
72;Laura     ;House     ;35;Laura House                   
73;Brittany  ;Hanna     ;35;Brittany Hanna                
74;Allen     ;Wright    ;32;Allen Wright                  
75;Ricky     ;Phillips  ;49;Ricky Phillips                
76;Adrian    ;Cross     ;49;Adrian Cross                  
77;Thomas    ;Wood      ;27;Thomas Wood                   
78;Jillian   ;Massey    ;33;Jillian Massey                
79;Kevin     ;Watkins   ;35;Kevin Watkins                 
80;Allison   ;Sweeney   ;53;Allison Sweeney               
81;Joseph    ;Hernandez ;35;Joseph Hernandez              
82;Steven    ;Little    ;41;Steven Little                 
83;John      ;Bennett   ;69;John Bennett                  
84;Michele   ;Maxwell   ;32;Michele Maxwell               
85;Emily     ;Thomas    ;35;Emily Thomas                  
86;Mark      ;Rogers    ;35;Mark Rogers                   
87;John      ;Cruz      ;22;John Cruz                     
88;David     ;Yoder     ;35;David Yoder                   
89;James     ;Reynolds  ;35;James Reynolds                
90;Stephanie ;Hicks     ;29;Stephanie Hicks               
91;Paul      ;Brown     ;53;Paul Brown                    
92;Alexandra ;Morales   ;35;Alexandra Morales             
93;Krystal   ;Carroll   ;35;Krystal Carroll               
94;Alyssa    ;Walker    ;43;Alyssa Walker                 
95;Eric      ;Harvey    ;35;Eric Harvey                   
96;Debbie    ;Rogers    ;52;Debbie Rogers                 
97;Steve     ;Braun     ;35;Steve Braun                   
98;Ryan      ;Rojas     ;35;Ryan Rojas                    
99;Andrew    ;Levine    ;51;Andrew Levine                 
100;Brian     ;Olson     ;67;Brian Olson                   
101;Jessica   ;Welch     ;38;Jessica Welch                 
102;Stephanie ;Faulkner  ;28;Stephanie Faulkner            
103;Dawn      ;Johnson   ;18;Dawn Johnson                  
104;Monique   ;Wright    ;35;Monique Wright                
105;Veronica  ;Stein     ;35;Veronica Stein                
106;Breanna   ;Santos    ;18;Breanna Santos                
107;Jeremy    ;Lee       ;26;Jeremy Lee                    
108;Robert    ;Moore     ;26;Robert Moore                  
109;Tiffany   ;Pearson   ;40;Tiffany Pearson               
110;Audrey    ;Richardson;35;Audrey Richardson             
111;Maureen   ;Bryant    ;53;Maureen Bryant                
112;Derrick   ;Roberts   ;64;Derrick Roberts               
113;Jeffrey   ;Sullivan  ;35;Jeffrey Sullivan              
114;Amy       ;Harris    ;61;Amy Harris                    
115;Rhonda    ;Flores    ;25;Rhonda Flores                 
116;Steven    ;Black     ;52;Steven Black                  
117;Robert    ;Shepherd  ;41;Robert Shepherd               
118;Robin     ;Snyder    ;28;Robin Snyder                  
119;Elijah    ;Cook      ;19;Elijah Cook                   
120;Dennis    ;Hill      ;35;Dennis Hill                   
121;Charles   ;Nunez     ;42;Charles Nunez                 
122;Philip    ;Robinson  ;35;Philip Robinson               
123;Rachel    ;Larson    ;52;Rachel Larson                 
124;Stephen   ;Sharp     ;21;Stephen Sharp                 
125;Aimee     ;Jacobs    ;35;Aimee Jacobs                  
126;Brittany  ;Miller    ;54;Brittany Miller               
127;Sabrina   ;Mclaughlin;49;Sabrina Mclaughlin            
128;Amber     ;Banks     ;50;Amber Banks                   
129;Casey     ;Todd      ;54;Casey Todd                    
130;Miranda   ;Williams  ;62;Miranda Williams              
131;Alexander ;Williams  ;48;Alexander Williams            
132;Jesus     ;Higgins   ;48;Jesus Higgins                 
133;James     ;Keith     ;57;James Keith                   
134;Shawn     ;Johnson   ;50;Shawn Johnson                 
135;Natalie   ;Page      ;18;Natalie Page                  
136;Zachary   ;Fowler    ;35;Zachary Fowler                
137;Brian     ;Bowman    ;28;Brian Bowman                  
138;Ryan      ;Martin    ;55;Ryan Martin                   
139;Jennifer  ;Silva     ;61;Jennifer Silva                
140;Joseph    ;Sparks    ;45;Joseph Sparks                 
141;Mary      ;Bishop    ;66;Mary Bishop                   
142;Stacey    ;Welch     ;60;Stacey Welch                  
143;Brett     ;Burns     ;46;Brett Burns                   
144;Michael   ;Case      ;41;Michael Case                  
145;Terry     ;Bailey    ;29;Terry Bailey                  
146;Christophe;Mcdonald  ;68;Christopher Mcdonald          
147;Andres    ;Becker    ;43;Andres Becker                 
148;Chase     ;Mcdaniel  ;31;Chase Mcdaniel                
149;Sherry    ;Parsons   ;26;Sherry Parsons                
150;Javier    ;Jones     ;52;Javier Jones                  
151;Jill      ;Kane      ;35;Jill Kane                     
152;Janet     ;Valdez    ;32;Janet Valdez                  
153;Karen     ;Ford      ;29;Karen Ford                    
154;Jamie     ;Johnson   ;33;Jamie Johnson                 
155;Jessica   ;Marshall  ;28;Jessica Marshall              
156;Sharon    ;Warner    ;21;Sharon Warner                 
157;Zachary   ;Williams  ;55;Zachary Williams              
158;Brooke    ;Durham    ;19;Brooke Durham                 
159;Ryan      ;Murray    ;33;Ryan Murray                   
160;Gabrielle ;Smith     ;35;Gabrielle Smith               
161;Nicole    ;Bennett   ;44;Nicole Bennett                
162;Heather   ;Ali       ;51;Heather Ali                   
163;Sandra    ;Mcmahon   ;35;Sandra Mcmahon                
164;Bailey    ;Mercado   ;34;Bailey Mercado                
165;Morgan    ;Cooper    ;42;Morgan Cooper                 
166;Matthew   ;Stokes    ;18;Matthew Stokes                
167;Timothy   ;Mullins   ;42;Timothy Mullins               
168;Kenneth   ;Rubio     ;51;Kenneth Rubio                 
169;Mary      ;Zamora    ;35;Mary Zamora                   
170;Larry     ;Cole      ;62;Larry Cole                    
171;Jeffrey   ;Diaz      ;50;Jeffrey Diaz                  
172;Joseph    ;Brown     ;69;Joseph Brown                  
173;Emily     ;Jones     ;29;Emily Jones                   
174;Tara      ;Davis     ;60;Tara Davis                    
175;Tiffany   ;Bowers    ;35;Tiffany Bowers                
176;Linda     ;Craig     ;39;Linda Craig                   
177;Christine ;Smith     ;25;Christine Smith               
178;Matthew   ;Williams  ;35;Matthew Williams              
179;Brenda    ;Lewis     ;29;Brenda Lewis                  
180;Adrian    ;West      ;21;Adrian West                   
181;Amy       ;Scott     ;51;Amy Scott                     
182;April     ;Beck      ;28;April Beck                    
183;Anthony   ;Nicholson ;35;Anthony Nicholson             
184;Shari     ;Garcia    ;22;Shari Garcia                  
185;Xavier    ;Miles     ;35;Xavier Miles                  
186;Rachael   ;Gilbert   ;45;Rachael Gilbert               
187;Michele   ;Rogers    ;42;Michele Rogers                
188;Derek     ;Dixon     ;48;Derek Dixon                   
189;Grace     ;Hartman   ;33;Grace Hartman                 
190;Joseph    ;Miller    ;26;Joseph Miller                 
191;David     ;Arnold    ;36;David Arnold                  
192;Yesenia   ;White     ;62;Yesenia White                 
193;Nancy     ;Miller    ;25;Nancy Miller                  
194;Christophe;Doyle     ;65;Christopher Doyle             
195;Taylor    ;Reed      ;43;Taylor Reed                   
196;Katherine ;Ferguson  ;35;Katherine Ferguson            
197;Robert    ;Bryan     ;41;Robert Bryan                  
198;Zachary   ;Kane      ;49;Zachary Kane                  
199;Rebecca   ;Robinson  ;35;Rebecca Robinson              
200;Bethany   ;Anderson  ;50;Bethany Anderson              
201;Mary      ;Williams  ;43;Mary Williams                 
202;Carlos    ;Wallace   ;22;Carlos Wallace                
203;Rhonda    ;Matthews  ;58;Rhonda Matthews               
204;Donald    ;Barker    ;62;Donald Barker                 
205;Courtney  ;Lopez     ;39;Courtney Lopez                
206;Chelsea   ;Moyer     ;66;Chelsea Moyer                 
207;Brittany  ;Golden    ;20;Brittany Golden               
208;Russell   ;Berry     ;24;Russell Berry                 
209;Joshua    ;Jackson   ;25;Joshua Jackson                
210;Alicia    ;Thompson  ;57;Alicia Thompson               
211;Clifford  ;Gray      ;38;Clifford Gray                 
212;Gloria    ;Miller    ;23;Gloria Miller                 
213;Nicole    ;Mcintyre  ;68;Nicole Mcintyre               
214;Vincent   ;Kline     ;18;Vincent Kline                 
215;Amber     ;Hunter    ;57;Amber Hunter                  
216;Shelby    ;Gomez     ;35;Shelby Gomez                  
217;Thomas    ;Mclaughlin;28;Thomas Mclaughlin             
218;Nathan    ;Graham    ;29;Nathan Graham                 
219;Thomas    ;Guzman    ;47;Thomas Guzman                 
220;Sarah     ;Gilbert   ;69;Sarah Gilbert                 
221;Jeremy    ;Andrews   ;56;Jeremy Andrews                
222;Megan     ;Morris    ;24;Megan Morris                  
223;Zachary   ;Davis     ;41;Zachary Davis                 
224;Michael   ;Phelps    ;25;Michael Phelps                
225;Christophe;Robinson  ;35;Christopher Robinson          
226;Aaron     ;Mckee     ;23;Aaron Mckee                   
227;Andrea    ;Velasquez ;37;Andrea Velasquez              
228;Philip    ;Newton    ;55;Philip Newton                 
229;Kathleen  ;Palmer    ;35;Kathleen Palmer               
230;Eric      ;Levine    ;64;Eric Levine                   
231;Michael   ;Lopez     ;25;Michael Lopez                 
232;Samantha  ;Smith     ;47;Samantha Smith                
233;Diane     ;Tanner    ;28;Diane Tanner                  
234;Melissa   ;Gaines    ;35;Melissa Gaines                
235;Alicia    ;Jensen    ;25;Alicia Jensen                 
236;Donna     ;Bird      ;19;Donna Bird                    
237;Kyle      ;Ruiz      ;63;Kyle Ruiz                     
238;Janet     ;Holmes    ;48;Janet Holmes                  
239;Edward    ;Bray      ;36;Edward Bray                   
240;Brenda    ;Hines     ;32;Brenda Hines                  
241;Mark      ;Roberts   ;44;Mark Roberts                  
242;Alejandro ;Bailey    ;61;Alejandro Bailey              
243;Mark      ;Rivers    ;35;Mark Rivers                   
244;Christophe;Miles     ;38;Christopher Miles             
245;Justin    ;Stewart   ;30;Justin Stewart                
246;John      ;Miller    ;35;John Miller                   
247;Thomas    ;Hickman   ;53;Thomas Hickman                
248;Patricia  ;Garcia    ;23;Patricia Garcia               
249;Cindy     ;Chambers  ;19;Cindy Chambers                
250;Natasha   ;Collins   ;24;Natasha Collins               
251;Anthony   ;Smith     ;69;Anthony Smith                 
252;Jacob     ;Robinson  ;33;Jacob Robinson                
253;Joseph    ;Martinez  ;35;Joseph Martinez               
254;Joseph    ;Cross     ;42;Joseph Cross                  
255;Margaret  ;Nelson    ;23;Margaret Nelson               
256;Jay       ;Williams  ;62;Jay Williams                  
257;Craig     ;Moore     ;27;Craig Moore                   
258;Matthew   ;Jackson   ;24;Matthew Jackson               
259;Robert    ;Smith     ;37;Robert Smith                  
260;Kristine  ;Green     ;53;Kristine Green                
261;Karen     ;Jacobs    ;34;Karen Jacobs                  
262;Jessica   ;Obrien    ;45;Jessica Obrien                
263;Paul      ;Underwood ;67;Paul Underwood                
264;Brian     ;Scott     ;32;Brian Scott                   
265;Bryan     ;Richardson;47;Bryan Richardson              
266;John      ;Summers   ;35;John Summers                  
267;Tracy     ;Wolf      ;57;Tracy Wolf                    
268;Michael   ;Castro    ;35;Michael Castro                
269;April     ;Lyons     ;35;April Lyons                   
270;Teresa    ;Mitchell  ;29;Teresa Mitchell               
271;Mark      ;Stewart   ;33;Mark Stewart                  
272;Kayla     ;Mitchell  ;35;Kayla Mitchell                
273;Alan      ;Rodriguez ;64;Alan Rodriguez                
274;Katelyn   ;Smith     ;35;Katelyn Smith                 
275;Tina      ;Duarte    ;69;Tina Duarte                   
276;Matthew   ;Hansen    ;48;Matthew Hansen                
277;Olivia    ;Williamson;35;Olivia Williamson             
278;Anthony   ;Wade      ;58;Anthony Wade                  
279;Jaclyn    ;Barton    ;38;Jaclyn Barton                 
280;Adam      ;Johnson   ;28;Adam Johnson                  
281;Matthew   ;Hogan     ;39;Matthew Hogan                 
282;Wendy     ;Goodman   ;64;Wendy Goodman                 
283;Tyler     ;Mills     ;25;Tyler Mills                   
284;Janet     ;Rivera    ;35;Janet Rivera                  
285;James     ;Robbins   ;19;James Robbins                 
286;Grace     ;Cooper    ;25;Grace Cooper                  
287;Denise    ;Cook      ;45;Denise Cook                   
288;Wayne     ;Curtis    ;31;Wayne Curtis                  
289;Kendra    ;Holder    ;66;Kendra Holder                 
290;Terry     ;Nielsen   ;53;Terry Nielsen                 
291;Natasha   ;Gallegos  ;35;Natasha Gallegos              
292;Hannah    ;Hughes    ;67;Hannah Hughes                 
293;Jodi      ;Wilkerson ;42;Jodi Wilkerson                
294;Kyle      ;Bright    ;32;Kyle Bright                   
295;Kevin     ;Santiago  ;28;Kevin Santiago                
296;Timothy   ;Gutierrez ;41;Timothy Gutierrez             
297;Ivan      ;Callahan  ;68;Ivan Callahan                 
298;Austin    ;Dyer      ;35;Austin Dyer                   
299;Christophe;Murphy    ;35;Christopher Murphy            
300;Brandi    ;Bennett   ;22;Brandi Bennett                
301;William   ;Hull      ;60;William Hull                  
302;Kevin     ;Marshall  ;67;Kevin Marshall                
303;Derrick   ;Ross      ;24;Derrick Ross                  
304;Charles   ;Gardner   ;41;Charles Gardner               
305;Karen     ;Davis     ;18;Karen Davis                   
306;Cathy     ;Walker    ;30;Cathy Walker                  
307;Karen     ;Jenkins   ;49;Karen Jenkins                 
308;David     ;Townsend  ;40;David Townsend                
309;Lisa      ;Collins   ;26;Lisa Collins                  
310;Kenneth   ;Wilson    ;19;Kenneth Wilson                
311;Kyle      ;Vincent   ;35;Kyle Vincent                  
312;Kimberly  ;Richardson;63;Kimberly Richardson           
313;Joseph    ;Robinson  ;35;Joseph Robinson               
314;Keith     ;Chavez    ;29;Keith Chavez                  
315;Gerald    ;Romero    ;51;Gerald Romero                 
316;Deanna    ;Sparks    ;37;Deanna Sparks                 
317;Kevin     ;Miller    ;21;Kevin Miller                  
318;William   ;Jackson   ;43;William Jackson               
319;Jennifer  ;Li        ;62;Jennifer Li                   
320;Bailey    ;Johnson   ;37;Bailey Johnson                
321;Sandra    ;Jackson   ;47;Sandra Jackson                
322;Steven    ;Stephens  ;43;Steven Stephens               
323;Richard   ;Barrera   ;48;Richard Barrera               
324;Alexandra ;Thompson  ;21;Alexandra Thompson            
325;Rebecca   ;Diaz      ;24;Rebecca Diaz                  
326;Lindsey   ;Sharp     ;35;Lindsey Sharp                 
327;William   ;Duncan    ;63;William Duncan                
328;Matthew   ;Johnson   ;36;Matthew Johnson               
329;Bruce     ;Young     ;35;Bruce Young                   
330;Andrew    ;Fleming   ;44;Andrew Fleming                
331;Steven    ;Cortez    ;59;Steven Cortez                 
332;Sally     ;Boyle     ;48;Sally Boyle                   
333;Brenda    ;Davis     ;33;Brenda Davis                  
334;Sean      ;Smith     ;67;Sean Smith                    
335;Shannon   ;Gilbert   ;62;Shannon Gilbert               
336;Jose      ;Lee       ;58;Jose Lee                      
337;Justin    ;Russo     ;59;Justin Russo                  
338;Felicia   ;Smith     ;33;Felicia Smith                 
339;Bruce     ;Mcknight  ;18;Bruce Mcknight                
340;Michael   ;Jarvis    ;46;Michael Jarvis                
341;Megan     ;Christense;32;Megan Christensen             
342;Zachary   ;King      ;46;Zachary King                  
343;Jessica   ;Collins   ;52;Jessica Collins               
344;William   ;Hughes    ;35;William Hughes                
345;Amber     ;Fox       ;59;Amber Fox                     
346;Jeffrey   ;Hancock   ;34;Jeffrey Hancock               
347;Nancy     ;Dean      ;31;Nancy Dean                    
348;Sarah     ;Reynolds  ;35;Sarah Reynolds                
349;John      ;Pittman   ;52;John Pittman                  
350;Joshua    ;Jones     ;35;Joshua Jones                  
351;Jeffery   ;Robinson  ;48;Jeffery Robinson              
352;Debra     ;Peters    ;42;Debra Peters                  
353;Steven    ;Lewis     ;42;Steven Lewis                  
354;Denise    ;Thomas    ;35;Denise Thomas                 
355;Kimberly  ;Garza     ;29;Kimberly Garza                
356;Gerald    ;Rush      ;45;Gerald Rush                   
357;Jeffrey   ;Rogers    ;56;Jeffrey Rogers                
358;Christine ;Johnson   ;38;Christine Johnson             
359;Maurice   ;Miller    ;35;Maurice Miller                
360;Michael   ;Rodriguez ;52;Michael Rodriguez             
361;Sherry    ;Collins   ;40;Sherry Collins                
362;Willie    ;Fernandez ;55;Willie Fernandez              
363;Matthew   ;Kennedy   ;35;Matthew Kennedy               
364;Jennifer  ;Myers     ;24;Jennifer Myers                
365;James     ;Kelly     ;35;James Kelly                   
366;Daniel    ;Paul      ;31;Daniel Paul                   
367;Wesley    ;Moore     ;19;Wesley Moore                  
368;Francisco ;Shaw      ;53;Francisco Shaw                
369;James     ;Cobb      ;48;James Cobb                    
370;Colin     ;Roach     ;24;Colin Roach                   
371;Sarah     ;Cruz      ;68;Sarah Cruz                    
372;Kelly     ;Martinez  ;35;Kelly Martinez                
373;Mary      ;Swanson   ;35;Mary Swanson                  
374;Kimberly  ;Moreno    ;65;Kimberly Moreno               
375;Andrew    ;Jenkins   ;69;Andrew Jenkins                
376;Amber     ;Ramirez   ;33;Amber Ramirez                 
377;Holly     ;Fowler    ;65;Holly Fowler                  
378;Jessica   ;Moore     ;42;Jessica Moore                 
379;Kimberly  ;Martin    ;44;Kimberly Martin               
380;Shawn     ;Neal      ;35;Shawn Neal                    
381;Sarah     ;Garcia    ;65;Sarah Garcia                  
382;James     ;Salazar   ;35;James Salazar                 
383;Kyle      ;Evans     ;20;Kyle Evans                    
384;John      ;Brown     ;37;John Brown                    
385;Stephanie ;Stone     ;35;Stephanie Stone               
386;Veronica  ;Jones     ;23;Veronica Jones                
387;Dale      ;Bauer     ;23;Dale Bauer                    
388;Brenda    ;Powell    ;27;Brenda Powell                 
389;Kelly     ;Sanchez   ;35;Kelly Sanchez                 
390;Jacob     ;Williamson;23;Jacob Williamson              
391;Nicholas  ;Russell   ;23;Nicholas Russell              
392;Paul      ;Alvarez   ;29;Paul Alvarez                  
393;Lauren    ;Perez     ;68;Lauren Perez                  
394;Rebecca   ;Garcia    ;66;Rebecca Garcia                
395;Stephanie ;Richardson;51;Stephanie Richardson          
396;Aaron     ;Bailey    ;23;Aaron Bailey                  
397;Juan      ;Schwartz  ;54;Juan Schwartz                 
398;Marc      ;Griffith  ;23;Marc Griffith                 
399;Lisa      ;Mclean    ;42;Lisa Mclean                   
400;Rebecca   ;Gonzalez  ;68;Rebecca Gonzalez              
401;Michael   ;Tran      ;59;Michael Tran                  
402;April     ;Cooper    ;23;April Cooper                  
403;John      ;Combs     ;28;John Combs                    
404;Jonathan  ;Clark     ;34;Jonathan Clark                
405;Justin    ;Harris    ;46;Justin Harris                 
406;Rebecca   ;Rogers    ;45;Rebecca Rogers                
407;Jamie     ;Hughes    ;30;Jamie Hughes                  
408;Melissa   ;Wilson    ;47;Melissa Wilson                
409;Cynthia   ;Smith     ;55;Cynthia Smith                 
410;Robert    ;Prince    ;21;Robert Prince                 
411;Daniel    ;Moore     ;54;Daniel Moore                  
412;Lisa      ;Allen     ;64;Lisa Allen                    
413;Julie     ;Hall      ;20;Julie Hall                    
414;Christophe;Perez     ;36;Christopher Perez             
415;Steven    ;Castillo  ;62;Steven Castillo               
416;Michael   ;Wood      ;67;Michael Wood                  
417;Amanda    ;Davis     ;24;Amanda Davis                  
418;Raymond   ;Miles     ;32;Raymond Miles                 
419;Eric      ;Bender    ;59;Eric Bender                   
420;Daniel    ;Orozco    ;23;Daniel Orozco                 
421;Jane      ;Pineda    ;23;Jane Pineda                   
422;Benjamin  ;Payne     ;28;Benjamin Payne                
423;Jennifer  ;Mcfarland ;41;Jennifer Mcfarland            
424;Rebecca   ;Wilson    ;23;Rebecca Wilson                
425;Elizabeth ;Jennings  ;20;Elizabeth Jennings            
426;Leslie    ;Thomas    ;34;Leslie Thomas                 
427;Mark      ;Jones     ;33;Mark Jones                    
428;Emma      ;Flores    ;48;Emma Flores                   
429;Alex      ;Ramsey    ;37;Alex Ramsey                   
430;Christina ;Crawford  ;50;Christina Crawford            
431;Randy     ;Elliott   ;26;Randy Elliott                 
432;Joshua    ;Edwards   ;28;Joshua Edwards                
433;Clarence  ;Hughes    ;54;Clarence Hughes               
434;Patricia  ;Price     ;27;Patricia Price                
435;Shelly    ;Cox       ;47;Shelly Cox                    
436;Amanda    ;Berg      ;42;Amanda Berg                   
437;Rebecca   ;Duncan    ;50;Rebecca Duncan                
438;Olivia    ;Rush      ;46;Olivia Rush                   
439;Carrie    ;Hanson    ;31;Carrie Hanson                 
440;David     ;Evans     ;23;David Evans                   
441;Sabrina   ;Hayes     ;30;Sabrina Hayes                 
442;Jeffery   ;Peterson  ;36;Jeffery Peterson              
443;Sheryl    ;Keith     ;50;Sheryl Keith                  
444;Andrew    ;Palmer    ;30;Andrew Palmer                 
445;Wendy     ;Scott     ;33;Wendy Scott                   
446;Thomas    ;Juarez    ;19;Thomas Juarez                 
447;John      ;Lewis     ;27;John Lewis                    
448;Kyle      ;Collins   ;57;Kyle Collins                  
449;Kevin     ;Sellers   ;39;Kevin Sellers                 
450;Courtney  ;Mueller   ;55;Courtney Mueller              
451;Sara      ;Strickland;44;Sara Strickland               
452;Julie     ;Martinez  ;56;Julie Martinez                
453;Sean      ;Williams  ;50;Sean Williams                 
454;Kayla     ;Gould     ;23;Kayla Gould                   
455;Taylor    ;Marshall  ;49;Taylor Marshall               
456;Amber     ;Wallace   ;33;Amber Wallace                 
457;Robert    ;Cook      ;38;Robert Cook                   
458;Crystal   ;Palmer    ;69;Crystal Palmer                
459;Anthony   ;King      ;68;Anthony King                  
460;Michael   ;Browning  ;23;Michael Browning              
461;Derrick   ;Berry     ;29;Derrick Berry                 
462;Kelly     ;Brown     ;24;Kelly Brown                   
463;Alicia    ;Rosales   ;49;Alicia Rosales                
464;Eric      ;Rogers    ;32;Eric Rogers                   
465;Mark      ;Chandler  ;18;Mark Chandler                 
466;Jacob     ;Calderon  ;33;Jacob Calderon                
467;Jonathan  ;Turner    ;67;Jonathan Turner               
468;Vanessa   ;Little    ;31;Vanessa Little                
469;Michael   ;Gonzales  ;21;Michael Gonzales              
470;Lori      ;Morrow    ;23;Lori Morrow                   
471;Taylor    ;Wagner    ;22;Taylor Wagner                 
472;Tanya     ;Martinez  ;64;Tanya Martinez                
473;Kimberly  ;Weaver    ;32;Kimberly Weaver               
474;Michael   ;Duncan    ;29;Michael Duncan                
475;Suzanne   ;Thompson  ;46;Suzanne Thompson              
476;Jessica   ;Ellis     ;23;Jessica Ellis                 
477;Michael   ;Little    ;23;Michael Little                
478;Anna      ;Wong      ;44;Anna Wong                     
479;Angela    ;Howard    ;23;Angela Howard                 
480;Jack      ;Stephens  ;45;Jack Stephens                 
481;Dustin    ;Lin       ;23;Dustin Lin                    
482;Kimberly  ;Wright    ;23;Kimberly Wright               
483;Jason     ;Smith     ;62;Jason Smith                   
484;Cory      ;Lopez     ;21;Cory Lopez                    
485;Christina ;Nelson    ;65;Christina Nelson              
486;Nathaniel ;Juarez    ;36;Nathaniel Juarez              
487;Laura     ;Copeland  ;23;Laura Copeland                
488;Jessica   ;Davis     ;23;Jessica Davis                 
489;Janice    ;Hughes    ;24;Janice Hughes                 
490;Andrew    ;Jones     ;44;Andrew Jones                  
491;Andrea    ;Holder    ;22;Andrea Holder                 
492;Lee       ;Acosta    ;38;Lee Acosta                    
493;Haley     ;Jones     ;69;Haley Jones                   
494;Danielle  ;Hunter    ;56;Danielle Hunter               
495;Mark      ;Deleon    ;44;Mark Deleon                   
496;Jessica   ;Pham      ;23;Jessica Pham                  
497;Marcia    ;Harris    ;50;Marcia Harris                 
498;Peter     ;Johnston  ;23;Peter Johnston                
499;Heather   ;Hendrix   ;30;Heather Hendrix               
500;Betty     ;English   ;23;Betty English                 
501;Eric      ;Ferguson  ;25;Eric Ferguson                 
502;Anthony   ;Park      ;21;Anthony Park                  
503;Jessica   ;Kim       ;23;Jessica Kim                   
504;Todd      ;Garcia    ;62;Todd Garcia                   
505;Charlotte ;Ward      ;61;Charlotte Ward                
506;Michael   ;Mclean    ;67;Michael Mclean                
507;Jesse     ;Carroll   ;46;Jesse Carroll                 
508;Timothy   ;Brown     ;23;Timothy Brown                 
509;Anthony   ;Smith     ;61;Anthony Smith                 
510;Denise    ;Rubio     ;31;Denise Rubio                  
511;Michelle  ;Miller    ;55;Michelle Miller               
512;Michael   ;Fisher    ;54;Michael Fisher                
513;Christina ;Salas     ;44;Christina Salas               
514;Kimberly  ;Vega      ;44;Kimberly Vega                 
515;Michael   ;Olsen     ;36;Michael Olsen                 
516;Jason     ;Kennedy   ;69;Jason Kennedy                 
517;Robert    ;Weiss     ;34;Robert Weiss                  
518;Seth      ;Owens     ;20;Seth Owens                    
519;Jonathan  ;Barker    ;23;Jonathan Barker               
520;Danielle  ;Riddle    ;23;Danielle Riddle               
521;Gregory   ;Hull      ;67;Gregory Hull                  
522;Kristen   ;Keith     ;44;Kristen Keith                 
523;Victor    ;Villa     ;23;Victor Villa                  
524;Brian     ;Hill      ;28;Brian Hill                    
525;Ashley    ;Dodson    ;20;Ashley Dodson                 
526;Andrew    ;Hays      ;51;Andrew Hays                   
527;Nichole   ;Ochoa     ;23;Nichole Ochoa                 
528;James     ;Johnson   ;19;James Johnson                 
529;Christian ;Hernandez ;44;Christian Hernandez           
530;Brandon   ;Banks     ;62;Brandon Banks                 
531;Keith     ;Proctor   ;54;Keith Proctor                 
532;Nicholas  ;Robinson  ;23;Nicholas Robinson             
533;Ashley    ;Morris    ;65;Ashley Morris                 
534;Carol     ;Walton    ;24;Carol Walton                  
535;Eugene    ;Burke     ;23;Eugene Burke                  
536;Sheri     ;Fernandez ;31;Sheri Fernandez               
537;Matthew   ;Thomas    ;19;Matthew Thomas                
538;Victor    ;Haynes    ;60;Victor Haynes                 
539;Tina      ;Medina    ;60;Tina Medina                   
540;Gabriel   ;Glenn     ;31;Gabriel Glenn                 
541;Samantha  ;Small     ;36;Samantha Small                
542;Renee     ;Smith     ;47;Renee Smith                   
543;Brandon   ;Lindsey   ;23;Brandon Lindsey               
544;Evan      ;Farrell   ;57;Evan Farrell                  
545;Julie     ;Simon     ;65;Julie Simon                   
546;Michael   ;Brown     ;23;Michael Brown                 
547;David     ;Hardy     ;50;David Hardy                   
548;Jacob     ;Dixon     ;19;Jacob Dixon                   
549;Sheila    ;Johnson   ;64;Sheila Johnson                
550;Michael   ;Gilbert   ;54;Michael Gilbert               
551;Stephen   ;Smith     ;39;Stephen Smith                 
552;Alvin     ;Andrade   ;64;Alvin Andrade                 
553;Amanda    ;Lawson    ;46;Amanda Lawson                 
554;Mary      ;Harris    ;18;Mary Harris                   
555;Mary      ;Mccormick ;60;Mary Mccormick                
556;Rebecca   ;Murphy    ;43;Rebecca Murphy                
557;Timothy   ;Patterson ;63;Timothy Patterson             
558;Theresa   ;Mills     ;38;Theresa Mills                 
559;Erin      ;Hays      ;27;Erin Hays                     
560;David     ;Wilson    ;40;David Wilson                  
561;Elizabeth ;Mcdonald  ;30;Elizabeth Mcdonald            
562;David     ;Cooper    ;66;David Cooper                  
563;Amanda    ;Romero    ;30;Amanda Romero                 
564;Lori      ;Walsh     ;23;Lori Walsh                    
565;Maureen   ;Day       ;66;Maureen Day                   
566;Christophe;Vincent   ;23;Christopher Vincent           
567;Christophe;Cooper    ;67;Christopher Cooper            
568;Angela    ;Francis   ;60;Angela Francis                
569;Susan     ;Garcia    ;26;Susan Garcia                  
570;Jeffrey   ;Neal      ;42;Jeffrey Neal                  
571;Rodney    ;Sutton    ;23;Rodney Sutton                 
572;Ashley    ;Boyle     ;29;Ashley Boyle                  
573;Victor    ;Jimenez   ;43;Victor Jimenez                
574;Jonathan  ;Wright    ;29;Jonathan Wright               
575;Kristina  ;Holland   ;48;Kristina Holland              
576;Barbara   ;Flowers   ;42;Barbara Flowers               
577;Brandon   ;Villarreal;19;Brandon Villarreal            
578;Nathan    ;Pena      ;54;Nathan Pena                   
579;Melissa   ;Parker    ;46;Melissa Parker                
580;Rebecca   ;Kline     ;69;Rebecca Kline                 
581;Susan     ;Navarro   ;22;Susan Navarro                 
582;Albert    ;Ruiz      ;48;Albert Ruiz                   
583;Breanna   ;Marsh     ;28;Breanna Marsh                 
584;Mary      ;Perkins   ;28;Mary Perkins                  
585;Amber     ;Rivera    ;22;Amber Rivera                  
586;Joseph    ;Petersen  ;42;Joseph Petersen               
587;Richard   ;Williams  ;22;Richard Williams              
588;Bradley   ;Mccann    ;31;Bradley Mccann                
589;Kristine  ;Reynolds  ;22;Kristine Reynolds             
590;Jessica   ;Cox       ;31;Jessica Cox                   
591;John      ;Frazier   ;40;John Frazier                  
592;Jordan    ;Anderson  ;56;Jordan Anderson               
593;Geoffrey  ;Rogers    ;56;Geoffrey Rogers               
594;Jessica   ;Smith     ;35;Jessica Smith                 
595;Julie     ;Rogers    ;31;Julie Rogers                  
596;Teresa    ;Gallagher ;22;Teresa Gallagher              
597;Kenneth   ;Young     ;50;Kenneth Young                 
598;Marissa   ;Hall      ;43;Marissa Hall                  
599;Manuel    ;Fletcher  ;64;Manuel Fletcher               
600;Brian     ;Wilkinson ;42;Brian Wilkinson               
601;Richard   ;Lopez     ;29;Richard Lopez                 
602;Jacqueline;Smith     ;54;Jacqueline Smith              
603;Claire    ;Wilson    ;67;Claire Wilson                 
604;Jacob     ;Walker    ;24;Jacob Walker                  
605;Paula     ;Stone     ;55;Paula Stone                   
606;John      ;White     ;46;John White                    
607;Melissa   ;Miller    ;30;Melissa Miller                
608;Brandon   ;Rodriguez ;22;Brandon Rodriguez             
609;Mark      ;Butler    ;58;Mark Butler                   
610;Joshua    ;Greene    ;55;Joshua Greene                 
611;Mikayla   ;Arnold    ;35;Mikayla Arnold                
612;Lauren    ;Salazar   ;22;Lauren Salazar                
613;Jennifer  ;Anderson  ;53;Jennifer Anderson             
614;Betty     ;Sullivan  ;47;Betty Sullivan                
615;Brandon   ;Lee       ;22;Brandon Lee                   
616;Megan     ;Little    ;54;Megan Little                  
617;Anne      ;Dunn      ;50;Anne Dunn                     
618;Lance     ;Gray      ;19;Lance Gray                    
619;Alicia    ;Edwards   ;26;Alicia Edwards                
620;Nichole   ;Clay      ;31;Nichole Clay                  
621;Trevor    ;Ball      ;38;Trevor Ball                   
622;Amy       ;Bailey    ;42;Amy Bailey                    
623;Richard   ;Arnold    ;22;Richard Arnold                
624;Regina    ;Wilson    ;22;Regina Wilson                 
625;Dennis    ;Green     ;22;Dennis Green                  
626;Paul      ;Terry     ;22;Paul Terry                    
627;Amy       ;Carter    ;57;Amy Carter                    
628;Annette   ;Lawrence  ;22;Annette Lawrence              
629;William   ;Contreras ;57;William Contreras             
630;Sandra    ;Rogers    ;38;Sandra Rogers                 
631;Danielle  ;Ware      ;40;Danielle Ware                 
632;Tiffany   ;Sanchez   ;38;Tiffany Sanchez               
633;Robert    ;David     ;43;Robert David                  
634;Cynthia   ;Smith     ;22;Cynthia Smith                 
635;Benjamin  ;Beck      ;35;Benjamin Beck                 
636;Debra     ;Avila     ;21;Debra Avila                   
637;Molly     ;Carpenter ;66;Molly Carpenter               
638;Richard   ;Blackwell ;45;Richard Blackwell             
639;Casey     ;Grimes    ;54;Casey Grimes                  
640;Yesenia   ;Calhoun   ;24;Yesenia Calhoun               
641;Jennifer  ;Morris    ;41;Jennifer Morris               
642;Lauren    ;Owen      ;22;Lauren Owen                   
643;Cheryl    ;Torres    ;69;Cheryl Torres                 
644;Gregory   ;Gomez     ;25;Gregory Gomez                 
645;Angela    ;Hughes    ;22;Angela Hughes                 
646;Tracy     ;Evans     ;43;Tracy Evans                   
647;Melissa   ;Proctor   ;52;Melissa Proctor               
648;Paul      ;Lee       ;31;Paul Lee                      
649;Gerald    ;Morgan    ;22;Gerald Morgan                 
650;Casey     ;Robbins   ;55;Casey Robbins                 
651;Scott     ;Frank     ;26;Scott Frank                   
652;Christophe;Anderson  ;34;Christopher Anderson          
653;Kimberly  ;Burnett   ;27;Kimberly Burnett              
654;Danny     ;Nixon     ;55;Danny Nixon                   
655;Tanya     ;Cooper    ;48;Tanya Cooper                  
656;Paula     ;Lee       ;36;Paula Lee                     
657;Christophe;Hernandez ;24;Christopher Hernandez         
658;Alison    ;Banks     ;42;Alison Banks                  
659;Richard   ;Smith     ;37;Richard Smith                 
660;Alison    ;Fox       ;38;Alison Fox                    
661;Kenneth   ;Blake     ;62;Kenneth Blake                 
662;Jose      ;White     ;20;Jose White                    
663;Bryan     ;Torres    ;24;Bryan Torres                  
664;Sandra    ;Medina    ;36;Sandra Medina                 
665;Heather   ;Price     ;55;Heather Price                 
666;Mark      ;Powell    ;36;Mark Powell                   
667;Ryan      ;Williamson;19;Ryan Williamson               
668;Richard   ;Brown     ;25;Richard Brown                 
669;Andrew    ;Baldwin   ;32;Andrew Baldwin                
670;Richard   ;Taylor    ;52;Richard Taylor                
671;Nathaniel ;Arroyo    ;27;Nathaniel Arroyo              
672;Debra     ;Hernandez ;67;Debra Hernandez               
673;Justin    ;Coleman   ;36;Justin Coleman                
674;Toni      ;Wilson    ;63;Toni Wilson                   
675;Carlos    ;Evans     ;58;Carlos Evans                  
676;Jason     ;Contreras ;55;Jason Contreras               
677;Troy      ;Wilson    ;62;Troy Wilson                   
678;Barbara   ;Smith     ;32;Barbara Smith                 
679;Angela    ;Ramirez   ;45;Angela Ramirez                
680;Maria     ;Leonard   ;55;Maria Leonard                 
681;Michael   ;Mcdonald  ;56;Michael Mcdonald              
682;Robert    ;Porter    ;22;Robert Porter                 
683;Alyssa    ;Walker    ;45;Alyssa Walker                 
684;John      ;Lee       ;45;John Lee                      
685;Judy      ;Dillon    ;22;Judy Dillon                   
686;Denise    ;Davis     ;38;Denise Davis                  
687;Philip    ;Vargas    ;22;Philip Vargas                 
688;Emily     ;Sanders   ;53;Emily Sanders                 
689;Brian     ;Joyce     ;38;Brian Joyce                   
690;Jonathan  ;Caldwell  ;44;Jonathan Caldwell             
691;Rachel    ;Flores    ;55;Rachel Flores                 
692;Lucas     ;Lewis     ;30;Lucas Lewis                   
693;Kenneth   ;Huff      ;22;Kenneth Huff                  
694;Samuel    ;Jackson   ;22;Samuel Jackson                
695;Jennifer  ;Obrien    ;68;Jennifer Obrien               
696;Jacob     ;West      ;69;Jacob West                    
697;Patrick   ;Campbell  ;32;Patrick Campbell              
698;Jacqueline;Cook      ;29;Jacqueline Cook               
699;Tim       ;Jones     ;51;Tim Jones                     
700;Emily     ;Davis     ;24;Emily Davis                   
701;Colleen   ;Garza     ;51;Colleen Garza                 
702;David     ;Davis     ;50;David Davis                   
703;Michael   ;Larson    ;27;Michael Larson                
704;Nathan    ;Nelson    ;62;Nathan Nelson                 
705;Robert    ;Silva     ;68;Robert Silva                  
706;Regina    ;Morales   ;39;Regina Morales                
707;Jeffrey   ;Brown     ;29;Jeffrey Brown                 
708;William   ;Wagner    ;22;William Wagner                
709;Kevin     ;Thomas    ;30;Kevin Thomas                  
710;Dennis    ;Thompson  ;53;Dennis Thompson               
711;Raymond   ;Peck      ;53;Raymond Peck                  
712;Douglas   ;Wright    ;68;Douglas Wright                
713;Amber     ;Arnold    ;20;Amber Arnold                  
714;Alexander ;Rodriguez ;38;Alexander Rodriguez           
715;Heidi     ;Reeves    ;19;Heidi Reeves                  
716;Jasmine   ;Young     ;51;Jasmine Young                 
717;Stephen   ;Walker    ;22;Stephen Walker                
718;Michael   ;Palmer    ;40;Michael Palmer                
719;Gerald    ;Green     ;50;Gerald Green                  
720;Stephen   ;Hanson    ;22;Stephen Hanson                
721;Jacqueline;Garcia    ;20;Jacqueline Garcia             
722;Jamie     ;Flores    ;54;Jamie Flores                  
723;Amy       ;Green     ;22;Amy Green                     
724;Mary      ;Johnson   ;40;Mary Johnson                  
725;Kenneth   ;Carter    ;24;Kenneth Carter                
726;Michael   ;Oneill    ;27;Michael Oneill                
727;Brian     ;Blackburn ;66;Brian Blackburn               
728;Yvonne    ;Ford      ;22;Yvonne Ford                   
729;Megan     ;Rivera    ;54;Megan Rivera                  
730;Tina      ;French    ;22;Tina French                   
731;Susan     ;Henson    ;68;Susan Henson                  
732;Dave      ;Kelly     ;40;Dave Kelly                    
733;Keith     ;Rios      ;30;Keith Rios                    
734;Robin     ;Morgan    ;22;Robin Morgan                  
735;Kevin     ;Smith     ;67;Kevin Smith                   
736;Suzanne   ;Schmidt   ;60;Suzanne Schmidt               
737;Allison   ;Peterson  ;43;Allison Peterson              
738;Cody      ;Salinas   ;22;Cody Salinas                  
739;Dan       ;Smith     ;18;Dan Smith                     
740;Daniel    ;Davies    ;46;Daniel Davies                 
741;David     ;Oconnor   ;23;David Oconnor                 
742;Zachary   ;Gonzales  ;63;Zachary Gonzales              
743;Diana     ;Herring   ;22;Diana Herring                 
744;Connor    ;Bauer     ;35;Connor Bauer                  
745;Destiny   ;Bennett   ;61;Destiny Bennett               
746;Sarah     ;Spencer   ;22;Sarah Spencer                 
747;Jacqueline;Chambers  ;62;Jacqueline Chambers           
748;Michael   ;Decker    ;29;Michael Decker                
749;Emily     ;Howard    ;22;Emily Howard                  
750;Douglas   ;Brown     ;62;Douglas Brown                 
751;Steve     ;Jackson   ;22;Steve Jackson                 
752;Maria     ;Burnett   ;35;Maria Burnett                 
753;Sarah     ;Maldonado ;20;Sarah Maldonado               
754;Timothy   ;Wells     ;18;Timothy Wells                 
755;Roberto   ;Nichols   ;44;Roberto Nichols               
756;Anthony   ;Gutierrez ;30;Anthony Gutierrez             
757;Elizabeth ;Smith     ;35;Elizabeth Smith               
758;Ashley    ;Rogers    ;52;Ashley Rogers                 
759;Erik      ;Keller    ;22;Erik Keller                   
760;James     ;Johnson   ;34;James Johnson                 
761;Veronica  ;Perez     ;22;Veronica Perez                
762;Ryan      ;Garza     ;64;Ryan Garza                    
763;Michelle  ;Edwards   ;28;Michelle Edwards              
764;Paul      ;Chavez    ;33;Paul Chavez                   
765;Zachary   ;Hill      ;69;Zachary Hill                  
766;Carol     ;Jordan    ;68;Carol Jordan                  
767;Catherine ;Jordan    ;35;Catherine Jordan              
768;Scott     ;Perez     ;52;Scott Perez                   
769;Aaron     ;Carey     ;56;Aaron Carey                   
770;Chris     ;Gordon    ;69;Chris Gordon                  
771;Abigail   ;Middleton ;45;Abigail Middleton             
772;Christina ;Vazquez   ;49;Christina Vazquez             
773;Selena    ;Jones     ;23;Selena Jones                  
774;Michelle  ;Collins   ;36;Michelle Collins              
775;Dominique ;Bell      ;37;Dominique Bell                
776;Kelly     ;Holmes    ;20;Kelly Holmes                  
777;Jeffery   ;Stevenson ;61;Jeffery Stevenson             
778;Katherine ;Phillips  ;59;Katherine Phillips            
779;Olivia    ;Shaw      ;46;Olivia Shaw                   
780;Pamela    ;Thompson  ;22;Pamela Thompson               
781;Amy       ;Hebert    ;27;Amy Hebert                    
782;Tara      ;Davis     ;32;Tara Davis                    
783;William   ;Farmer    ;52;William Farmer                
784;Ricky     ;Moore     ;67;Ricky Moore                   
785;Lorraine  ;Powell    ;44;Lorraine Powell               
786;Luis      ;Green     ;64;Luis Green                    
787;Desiree   ;Holmes    ;39;Desiree Holmes                
788;Bradley   ;Williams  ;57;Bradley Williams              
789;Jordan    ;Ellis     ;22;Jordan Ellis                  
790;Tyler     ;Jones     ;46;Tyler Jones                   
791;Alex      ;Reyes     ;44;Alex Reyes                    
792;Joshua    ;Gay       ;19;Joshua Gay                    
793;Aaron     ;Bowers    ;21;Aaron Bowers                  
794;Daniel    ;Ramirez   ;66;Daniel Ramirez                
795;Joshua    ;Phillips  ;26;Joshua Phillips               
796;Angelica  ;Chavez    ;29;Angelica Chavez               
797;Bryce     ;Gilbert   ;61;Bryce Gilbert                 
798;Jacqueline;Pope      ;58;Jacqueline Pope               
799;Bryan     ;Huang     ;56;Bryan Huang                   
800;Tracy     ;Lee       ;22;Tracy Lee                     
801;Barbara   ;Lucero    ;22;Barbara Lucero                
802;Joann     ;Snyder    ;26;Joann Snyder                  
803;Natalie   ;Evans     ;32;Natalie Evans                 
804;Alexander ;Wilson    ;22;Alexander Wilson              
805;Scott     ;Rollins   ;33;Scott Rollins                 
806;Peter     ;Fields    ;21;Peter Fields                  
807;Melissa   ;Barrera   ;64;Melissa Barrera               
808;Michael   ;Vargas    ;23;Michael Vargas                
809;Kathy     ;Miller    ;22;Kathy Miller                  
810;David     ;Dunn      ;27;David Dunn                    
811;Susan     ;Norman    ;44;Susan Norman                  
812;Timothy   ;James     ;39;Timothy James                 
813;Marcus    ;Sullivan  ;68;Marcus Sullivan               
814;Aaron     ;Silva     ;22;Aaron Silva                   
815;Jessica   ;Fry       ;22;Jessica Fry                   
816;Jennifer  ;Diaz      ;22;Jennifer Diaz                 
817;Colton    ;Davis     ;62;Colton Davis                  
818;Misty     ;Young     ;69;Misty Young                   
819;John      ;Cross     ;23;John Cross                    
820;Eric      ;Rogers    ;33;Eric Rogers                   
821;Kayla     ;James     ;22;Kayla James                   
822;Alex      ;Scott     ;66;Alex Scott                    
823;Amy       ;Green     ;22;Amy Green                     
824;Jessica   ;Warren    ;22;Jessica Warren                
825;Thomas    ;Webb      ;22;Thomas Webb                   
826;Dale      ;Ramirez   ;68;Dale Ramirez                  
827;Linda     ;Andrews   ;35;Linda Andrews                 
828;Jonathan  ;White     ;33;Jonathan White                
829;Kendra    ;King      ;39;Kendra King                   
830;Chad      ;Rhodes    ;67;Chad Rhodes                   
831;David     ;Hall      ;31;David Hall                    
832;Zoe       ;Sullivan  ;65;Zoe Sullivan                  
833;Michele   ;Patel     ;22;Michele Patel                 
834;Aaron     ;Taylor    ;37;Aaron Taylor                  
835;Kristen   ;Griffith  ;45;Kristen Griffith              
836;Jonathon  ;Espinoza  ;31;Jonathon Espinoza             
837;Daniel    ;Thompson  ;65;Daniel Thompson               
838;Jonathan  ;Joseph    ;22;Jonathan Joseph               
839;Michael   ;Robinson  ;48;Michael Robinson              
840;Michael   ;Riley     ;60;Michael Riley                 
841;Elaine    ;Norris    ;27;Elaine Norris                 
842;Sally     ;Velasquez ;67;Sally Velasquez               
843;Paul      ;Gordon    ;56;Paul Gordon                   
844;Michael   ;Gomez     ;38;Michael Gomez                 
845;Angela    ;Holloway  ;63;Angela Holloway               
846;Rachael   ;Phillips  ;22;Rachael Phillips              
847;Rebecca   ;Whitehead ;28;Rebecca Whitehead             
848;Troy      ;Carr      ;18;Troy Carr                     
849;Bonnie    ;Smith     ;56;Bonnie Smith                  
850;Marcus    ;Hernandez ;38;Marcus Hernandez              
851;Heather   ;Murphy    ;58;Heather Murphy                
852;Charles   ;Mejia     ;40;Charles Mejia                 
853;Tracy     ;Smith     ;48;Tracy Smith                   
854;Gregory   ;Evans     ;55;Gregory Evans                 
855;Philip    ;Dickerson ;59;Philip Dickerson              
856;Charles   ;Salas     ;47;Charles Salas                 
857;Erin      ;Harper    ;54;Erin Harper                   
858;Victoria  ;Bray      ;58;Victoria Bray                 
859;Jose      ;Boyd      ;57;Jose Boyd                     
860;Joseph    ;Palmer    ;22;Joseph Palmer                 
861;Carolyn   ;Kelly     ;22;Carolyn Kelly                 
862;Mike      ;Chan      ;18;Mike Chan                     
863;John      ;Gordon    ;53;John Gordon                   
864;Leslie    ;Taylor    ;47;Leslie Taylor                 
865;Christophe;Cunningham;22;Christopher Cunningham        
866;Donald    ;Hansen    ;61;Donald Hansen                 
867;Taylor    ;Vasquez   ;22;Taylor Vasquez                
868;Anita     ;Terry     ;57;Anita Terry                   
869;Elizabeth ;Lynch     ;52;Elizabeth Lynch               
870;Benjamin  ;Hunter    ;18;Benjamin Hunter               
871;Alec      ;Brock     ;43;Alec Brock                    
872;Rachel    ;Randolph  ;22;Rachel Randolph               
873;Steven    ;Martin    ;23;Steven Martin                 
874;Elizabeth ;Moody     ;24;Elizabeth Moody               
875;William   ;Bauer     ;33;William Bauer                 
876;Jon       ;Martin    ;42;Jon Martin                    
877;Ethan     ;Miller    ;18;Ethan Miller                  
878;Stephanie ;Small     ;22;Stephanie Small               
879;Victoria  ;Li        ;53;Victoria Li                   
880;Leah      ;Ho        ;27;Leah Ho                       
881;Aaron     ;Bowen     ;22;Aaron Bowen                   
882;William   ;Wiley     ;66;William Wiley                 
883;Jason     ;Mora      ;68;Jason Mora                    
884;Melody    ;Lawrence  ;43;Melody Lawrence               
885;Anthony   ;Jones     ;52;Anthony Jones                 
886;Kari      ;Miller    ;60;Kari Miller                   
887;Heidi     ;Aguirre   ;27;Heidi Aguirre                 
888;Kenneth   ;Daniel    ;31;Kenneth Daniel                
889;Katherine ;Santos    ;22;Katherine Santos              
890;Douglas   ;Clayton   ;22;Douglas Clayton               
891;Doris     ;Hodges    ;42;Doris Hodges                  
892;Cathy     ;Wood      ;50;Cathy Wood                    
893;Andrea    ;Morris    ;35;Andrea Morris                 
894;David     ;Watson    ;22;David Watson                  
895;Samantha  ;Marks     ;53;Samantha Marks                
896;Alexis    ;Knight    ;32;Alexis Knight                 
897;Robert    ;Peterson  ;56;Robert Peterson               
898;Felicia   ;Anderson  ;18;Felicia Anderson              
899;Maxwell   ;Anderson  ;47;Maxwell Anderson              
900;Brandon   ;Ford      ;22;Brandon Ford                  
901;Jacqueline;Hutchinson;55;Jacqueline Hutchinson         
902;Lori      ;Jones     ;52;Lori Jones                    
903;Emily     ;Hines     ;22;Emily Hines                   
904;Nathaniel ;Evans     ;18;Nathaniel Evans               
905;Kevin     ;Hill      ;40;Kevin Hill                    
906;Lydia     ;Waller    ;36;Lydia Waller                  
907;Laura     ;Johnson   ;39;Laura Johnson                 
908;Roy       ;Johnson   ;32;Roy Johnson                   
909;Jenna     ;Valdez    ;42;Jenna Valdez                  
910;Courtney  ;Hickman   ;65;Courtney Hickman              
911;Kyle      ;Lee       ;39;Kyle Lee                      
912;Lindsey   ;Mata      ;44;Lindsey Mata                  
913;Jerry     ;Baker     ;64;Jerry Baker                   
914;Kelly     ;Alexander ;47;Kelly Alexander               
915;Timothy   ;Kidd      ;31;Timothy Kidd                  
916;Diana     ;Wong      ;27;Diana Wong                    
917;Jordan    ;Simmons   ;49;Jordan Simmons                
918;Paula     ;Andersen  ;41;Paula Andersen                
919;Christophe;Morris    ;22;Christopher Morris            
920;Christophe;Nielsen   ;28;Christopher Nielsen           
921;Jeffrey   ;Martinez  ;22;Jeffrey Martinez              
922;Joan      ;Garcia    ;22;Joan Garcia                   
923;Angela    ;Crawford  ;58;Angela Crawford               
924;Jared     ;Coleman   ;52;Jared Coleman                 
925;Brittany  ;Small     ;22;Brittany Small                
926;Jerry     ;Davila    ;61;Jerry Davila                  
927;Sean      ;Johnson   ;39;Sean Johnson                  
928;Amber     ;Dickson   ;22;Amber Dickson                 
929;Elizabeth ;Robinson  ;22;Elizabeth Robinson            
930;Erin      ;Myers     ;57;Erin Myers                    
931;Matthew   ;Ball      ;26;Matthew Ball                  
932;Michelle  ;Palmer    ;32;Michelle Palmer               
933;Michael   ;Jackson   ;27;Michael Jackson               
934;Jennifer  ;Moore     ;60;Jennifer Moore                
935;Susan     ;Henry     ;54;Susan Henry                   
936;Steven    ;Sullivan  ;61;Steven Sullivan               
937;Jennifer  ;Moore     ;22;Jennifer Moore                
938;Veronica  ;Elliott   ;48;Veronica Elliott              
939;Tiffany   ;Peterson  ;29;Tiffany Peterson              
940;Brian     ;Wyatt     ;51;Brian Wyatt                   
941;Maria     ;Cole      ;22;Maria Cole                    
942;Michael   ;Scott     ;22;Michael Scott                 
943;Jonathon  ;Martinez  ;40;Jonathon Martinez             
944;Rebekah   ;Stephens  ;32;Rebekah Stephens              
945;Brenda    ;Huynh     ;55;Brenda Huynh                  
946;Jerry     ;Allen     ;43;Jerry Allen                   
947;Mary      ;Meyer     ;29;Mary Meyer                    
948;Suzanne   ;Reynolds  ;53;Suzanne Reynolds              
949;Casey     ;Evans     ;50;Casey Evans                   
950;Zachary   ;Guerrero  ;37;Zachary Guerrero              
951;Jaclyn    ;Huber     ;60;Jaclyn Huber                  
952;Tara      ;Lewis     ;62;Tara Lewis                    
953;David     ;Garcia    ;37;David Garcia                  
954;Alexis    ;Carpenter ;60;Alexis Carpenter              
955;Mason     ;White     ;50;Mason White                   
956;Michael   ;Alvarez   ;35;Michael Alvarez               
957;Raymond   ;Banks     ;20;Raymond Banks                 
958;Melissa   ;King      ;54;Melissa King                  
959;Jimmy     ;Smith     ;63;Jimmy Smith                   
960;Brianna   ;Ramirez   ;22;Brianna Ramirez               
961;Samantha  ;Drake     ;39;Samantha Drake                
962;Diane     ;Franklin  ;22;Diane Franklin                
963;David     ;Taylor    ;22;David Taylor                  
964;Lisa      ;Juarez    ;34;Lisa Juarez                   
965;Amanda    ;Terry     ;41;Amanda Terry                  
966;Christophe;Hill      ;27;Christopher Hill              
967;Natasha   ;Hall      ;52;Natasha Hall                  
968;Steven    ;Padilla   ;68;Steven Padilla                
969;Dennis    ;Thompson  ;22;Dennis Thompson               
970;Brett     ;Orozco    ;60;Brett Orozco                  
971;Pedro     ;Wells     ;27;Pedro Wells                   
972;Linda     ;Curry     ;35;Linda Curry                   
973;Maria     ;Brennan   ;47;Maria Brennan                 
974;Ruth      ;Blankenshi;31;Ruth Blankenship              
975;Dustin    ;Graves    ;58;Dustin Graves                 
976;Shannon   ;Smith     ;24;Shannon Smith                 
977;Paige     ;Brady     ;64;Paige Brady                   
978;Jimmy     ;Carr      ;41;Jimmy Carr                    
979;Lee       ;Waters    ;41;Lee Waters                    
980;Julie     ;Harris    ;31;Julie Harris                  
981;Cheryl    ;Robinson  ;59;Cheryl Robinson               
982;Brianna   ;Cook      ;51;Brianna Cook                  
983;Michael   ;Williams  ;19;Michael Williams              
984;Rachel    ;Hunter    ;27;Rachel Hunter                 
985;Benjamin  ;Brady     ;51;Benjamin Brady                
986;Eric      ;Hammond   ;19;Eric Hammond                  
987;Denise    ;Carlson   ;50;Denise Carlson                
988;Kristen   ;Tucker    ;21;Kristen Tucker                
989;Gregory   ;Berry     ;67;Gregory Berry                 
990;Melissa   ;Foster    ;47;Melissa Foster                
991;Terry     ;Williams  ;63;Terry Williams                
992;Michael   ;Brown     ;22;Michael Brown                 
993;Travis    ;Hamilton  ;46;Travis Hamilton               
994;Tracy     ;Sanchez   ;40;Tracy Sanchez                 
995;Alexis    ;Williams  ;31;Alexis Williams               
996;Karen     ;Mendez    ;34;Karen Mendez                  
997;Michaela  ;Smith     ;35;Michaela Smith                
998;Kathleen  ;Scott     ;23;Kathleen Scott                
999;Carl      ;Acosta    ;22;Carl Acosta                   
1000;Jennifer  ;Clark     ;50;Jennifer Clark                
